Date,Name,Year,Letterboxd URI,Rating,Rewatch,Tags,Watched Date
2026-08-14,Perfect Days,2023,https://boxd.it/example1,4.5,,,2026-08-14
2026-08-09,Oldboy,2003,https://boxd.it/example2,5,Yes,noir,2026-08-09
2026-07-30,Past Lives,2023,https://boxd.it/example3,4.5,,,2026-07-30
2026-07-21,"Paris, Texas",1984,https://boxd.it/example4,5,,,2026-07-21
2026-07-10,The Grand Budapest Hotel,2014,https://boxd.it/example5,4,Yes,comfort watch,2026-07-10
2026-06-28,Aftersun,2022,https://boxd.it/example6,4.5,,,2026-06-28
2026-06-15,In the Mood for Love,2000,https://boxd.it/example7,5,,,2026-06-15
2026-05-30,Everything Everywhere All at Once,2022,https://boxd.it/example8,4,,,2026-05-30
2026-05-12,Spirited Away,2001,https://boxd.it/example9,5,Yes,ghibli,2026-05-12
2026-04-22,The Zone of Interest,2023,https://boxd.it/example10,4.5,,,2026-04-22
2026-03-18,Amelie,2001,https://boxd.it/example11,4,,,2026-03-18
2026-02-14,Her,2013,https://boxd.it/example12,4.5,,,2026-02-14
